{"cameraMode":{"drawMode":0,"name":"Shaded","section":"Shading Mode"},"sceneLighting":true,"audioPlay":false,"sceneViewState":{"m_AlwaysRefresh":false,"showFog":false,"showSkybox":false,"showFlares":false,"showImageEffects":false,"showParticleSystems":false,"showVisualEffectGraphs":true,"m_FxEnabled":false},"in2DMode":false,"pivot":{"x":0.08220311254262924,"y":-2.855313301086426,"z":-1.1842460632324219},"rotation":{"x":-0.18376019597053529,"y":-0.0023634510580450298,"z":0.0004407903179526329,"w":-0.9829758405685425},"size":4.55429744720459,"orthographic":false}